sig,m,avcol,chi
F????,0,3.7206385404789053,1
F???G,1,3.841246290801187,2
F?C?G,2,3.950286806883365,2
F???W,2,3.950286806883365,2
F??H_,3,4.0513447432762835,2
F???w,3,4.0513447432762835,2
F??OW,3,4.0513447432762835,2
FGC?G,3,4.0513447432762835,2
F??GW,3,4.147849462365591,3
F?COW,4,4.102409638554217,2
FG?OW,4,4.145962732919255,2
F??go,4,4.145962732919255,2
F?@H_,4,4.145962732919255,2
F@?M?,4,4.145962732919255,2
F??J_,4,4.145962732919255,2
F??@w,4,4.145962732919255,2
F??Hg,4,4.145962732919255,2
F??Gw,4,4.230508474576271,3
F@?GW,4,4.230508474576271,3
FGCOW,5,4.198473282442748,2
F??Xo,5,4.198473282442748,2
F??^?,5,4.235294117647059,2
F??ZO,5,4.235294117647059,2
F?o_g,5,4.235294117647059,2
F?GQW,5,4.235294117647059,2
F?CeG,5,4.235294117647059,2
F?@Hg,5,4.235294117647059,2
F?DPO,5,4.235294117647059,2
F??Bw,5,4.235294117647059,2
F??Jg,5,4.235294117647059,2
F??N_,5,4.235294117647059,2
F_GOW,5,4.235294117647059,2
F@GOW,5,4.257936507936508,3
F??gw,5,4.31063829787234,3
F?CZ?,5,4.31063829787234,3
F@?IW,5,4.31063829787234,3
F@?Gw,5,4.31063829787234,3
F`?GW,5,4.31063829787234,3
F??Hw,5,4.31063829787234,3
F??Ww,5,4.371559633027523,3
F??xo,6,4.223744292237443,2
F??Zo,6,4.288461538461538,2
FG?[o,6,4.288461538461538,2
F?@Xo,6,4.288461538461538,2
F?Opo,6,4.288461538461538,2
F?DPW,6,4.288461538461538,2
F@G]?,6,4.288461538461538,2
FI?go,6,4.3088235294117645,2
F@IQO,6,4.320197044334975,2
FCO_w,6,4.320197044334975,2
F??Fw,6,4.320197044334975,2
F??Ng,6,4.320197044334975,2
F??^O,6,4.320197044334975,2
F?HSo,6,4.320197044334975,2
F?G]_,6,4.320197044334975,2
F?GUW,6,4.320197044334975,2
F?_ZG,6,4.320197044334975,2
F??^G,6,4.320197044334975,2
F?AZO,6,4.320197044334975,2
F?GZ_,6,4.338308457711443,3
F`GOW,6,4.338308457711443,3
F@?gw,6,4.364583333333333,3
F?C^?,6,4.388297872340425,3
F??ZW,6,4.388297872340425,3
F@?Iw,6,4.388297872340425,3
F@?MW,6,4.388297872340425,3
F?Ogw,6,4.388297872340425,3
F?D`o,6,4.388297872340425,3
F?Dco,6,4.388297872340425,3
F@@Gw,6,4.388297872340425,3
F_?gw,6,4.388297872340425,3
F?D_w,6,4.388297872340425,3
F`?Gw,6,4.388297872340425,3
F@MAG,6,4.388297872340425,3
F??Jw,6,4.388297872340425,3
F??Xw,6,4.445714285714286,3
F@?Hw,6,4.445714285714286,3
FG?Ww,6,4.445714285714286,3
F?CXW,6,4.445714285714286,3
FJ?GW,6,4.445714285714286,3
F?CWw,6,4.666666666666667,4
F??zo,7,4.316091954022989,2
F?Oxo,7,4.316091954022989,2
F_?xo,7,4.316091954022989,2
FGDHg,7,4.341176470588235,2
F?db_,7,4.373493975903615,2
F?O|_,7,4.373493975903615,2
F@O\G,7,4.373493975903615,2
F?SsW,7,4.373493975903615,2
F?KuG,7,4.373493975903615,2
F??^o,7,4.373493975903615,2
F?Cmg,7,4.373493975903615,2
F??}o,7,4.373493975903615,2
F?Oto,7,4.373493975903615,2
F?Sv?,7,4.392638036809816,2
FG@Xo,7,4.404907975460123,3
FoDPO,7,4.407407407407407,3
F@IQW,7,4.416149068322981,3
F@Aio,7,4.416149068322981,3
F_GZ_,7,4.416149068322981,3
F?G^_,7,4.416149068322981,3
F?GZg,7,4.441558441558442,3
F?Dbo,7,4.441558441558442,3
FwCOW,7,4.441558441558442,3
F`?gw,7,4.441558441558442,3
F@Ogw,7,4.441558441558442,3
F?WXg,7,4.441558441558442,3
F@GWw,7,4.449664429530201,3
F@`@w,7,4.4635761589403975,3
F@OsW,7,4.4635761589403975,3
F@`J_,7,4.4635761589403975,3
F?StG,7,4.4635761589403975,3
F?C~?,7,4.4635761589403975,3
FCDHW,7,4.4635761589403975,3
F?C}O,7,4.4635761589403975,3
FCOpW,7,4.4635761589403975,3
F?Dcw,7,4.4635761589403975,3
F?G]g,7,4.4635761589403975,3
F?G]W,7,4.4635761589403975,3
F@@Kw,7,4.4635761589403975,3
F?Ddo,7,4.4635761589403975,3
F@?Mw,7,4.4635761589403975,3
F??^W,7,4.4635761589403975,3
F?C^G,7,4.4635761589403975,3
F?AZW,7,4.4635761589403975,3
F??Nw,7,4.4635761589403975,3
FI?gw,7,4.473333333333334,3
FGD_w,7,4.5177304964539005,3
FGC[W,7,4.5177304964539005,3
F?opg,7,4.5177304964539005,3
F?DXo,7,4.5177304964539005,3
FGCXW,7,4.5177304964539005,3
FGC^?,7,4.5177304964539005,3
F`?Hw,7,4.5177304964539005,3
FG?Xw,7,4.5177304964539005,3
F?@Xw,7,4.5177304964539005,3
F@?Jw,7,4.5177304964539005,3
F?D`w,7,4.5177304964539005,3
F??Zw,7,4.5177304964539005,3
F?GYw,7,4.5177304964539005,3
F?CZW,7,4.5177304964539005,3
FG?[w,7,4.5177304964539005,3
F??xw,7,4.568181818181818,3
F?GXw,7,4.568181818181818,3
F?CXw,7,4.721739130434782,4
FGCWw,7,4.721739130434782,4
F?@zo,8,4.322147651006712,2
FAOxo,8,4.3517241379310345,2
F?KuW,8,4.402877697841727,2
F_?zo,8,4.402877697841727,2
F@IYo,8,4.402877697841727,2
F?O|o,8,4.402877697841727,2
F_Oxo,8,4.402877697841727,2
F?Azo,8,4.402877697841727,2
F??~o,8,4.402877697841727,2
FAG^G,8,4.426470588235294,2
F@oZG,8,4.426470588235294,2
F?df_,8,4.426470588235294,2
Fo@Xo,8,4.440298507462686,2
FoDPW,8,4.46969696969697,3
F?Djo,8,4.4728682170542635,3
F?O~_,8,4.480916030534351,3
FG`Xo,8,4.480916030534351,3
F?oz_,8,4.480916030534351,3
F`AZO,8,4.496124031007752,3
F?Sz_,8,4.512,3
F?G^g,8,4.516129032258065,3
FoD_w,8,4.516129032258065,3
F`Ogw,8,4.516129032258065,3
FDHGw,8,4.516129032258065,3
F?Dfo,8,4.516129032258065,3
F@Aiw,8,4.516129032258065,3
FCOjg,8,4.516129032258065,3
F@MQW,8,4.516129032258065,3
F@QJg,8,4.516129032258065,3
F@DLW,8,4.516129032258065,3
F@G]W,8,4.516129032258065,3
F?C~O,8,4.516129032258065,3
F?Dlo,8,4.516129032258065,3
F?Fbo,8,4.516129032258065,3
F_WXg,8,4.516129032258065,3
F?YRg,8,4.516129032258065,3
F?StW,8,4.516129032258065,3
FHGWw,8,4.525,3
F?Czo,8,4.525,3
F@GYw,8,4.525,3
F`GWw,8,4.525,3
Fq?gw,8,4.532786885245901,3
FI_gw,8,4.545454545454546,3
FGoXg,8,4.545454545454546,3
F?xPg,8,4.545454545454546,3
F@DNG,8,4.545454545454546,3
F_G^_,8,4.545454545454546,3
FACjW,8,4.568965517241379,3
F?SrW,8,4.568965517241379,3
FASpW,8,4.568965517241379,3
FG@Xw,8,4.568965517241379,3
FAClW,8,4.587719298245614,3
FGC\W,8,4.587719298245614,3
FGC^G,8,4.587719298245614,3
F?C}W,8,4.587719298245614,3
F@`Hw,8,4.587719298245614,3
F?O|g,8,4.587719298245614,3
F?C~G,8,4.587719298245614,3
FA_hw,8,4.587719298245614,3
F?C}o,8,4.587719298245614,3
F@`Jg,8,4.587719298245614,3
F`BHo,8,4.587719298245614,3
F`?Jw,8,4.587719298245614,3
FAG[w,8,4.587719298245614,3
F?`Xw,8,4.587719298245614,3
F?org,8,4.587719298245614,3
F?opw,8,4.587719298245614,3
F?hPw,8,4.587719298245614,3
FPCYW,8,4.587719298245614,3
F??^w,8,4.587719298245614,3
F?G]w,8,4.587719298245614,3
FG?\w,8,4.587719298245614,3
F?Ddw,8,4.587719298245614,3
F??}w,8,4.587719298245614,3
F?C^W,8,4.587719298245614,3
F@?Nw,8,4.587719298245614,3
FgCXW,8,4.587719298245614,3
F@K]G,8,4.587719298245614,3
F@pHg,8,4.587719298245614,3
F@GXw,8,4.60377358490566,3
FGDXo,8,4.616071428571429,3
F??zw,8,4.635514018691588,3
F?GZw,8,4.635514018691588,3
F?Dbw,8,4.635514018691588,3
Fw?Ww,8,4.635514018691588,3
F?HXw,8,4.635514018691588,3
F_GXw,8,4.635514018691588,3
F_?xw,8,4.635514018691588,3
FAChw,8,4.635514018691588,3
F?Oxw,8,4.635514018691588,3
FGCZW,8,4.635514018691588,3
FGC[w,8,4.776595744680851,4
FGCXw,8,4.776595744680851,4
F?DXw,8,4.776595744680851,4
F?CZw,8,4.776595744680851,4
FWCWw,8,4.776595744680851,4
F?Cxw,8,4.808988764044944,4
FIOxo,9,4.36,2
F?`zo,9,4.411764705882353,2
F?@~o,9,4.411764705882353,2
FI_xo,9,4.439655172413793,2
F@H]o,9,4.439655172413793,2
F@FNO,9,4.456140350877193,2
F?ur_,9,4.473214285714286,2
FK`Xo,9,4.509090909090909,3
F?Dzo,9,4.519230769230769,3
F_Azo,9,4.522935779816514,3
FCUj_,9,4.542056074766355,3
F_KuW,9,4.548076923076923,3
F?YZg,9,4.548076923076923,3
F?dro,9,4.548076923076923,3
F@`Zo,9,4.548076923076923,3
F?Dno,9,4.548076923076923,3
F?Ffo,9,4.548076923076923,3
F?P|o,9,4.548076923076923,3
F?dn_,9,4.556603773584905,3
FKdPW,9,4.568627450980392,3
FGcuW,9,4.568627450980392,3
FQG]W,9,4.568627450980392,3
F`AZW,9,4.568627450980392,3
F?Lro,9,4.57,3
F?Luo,9,4.584158415841584,3
F?S~_,9,4.584158415841584,3
FALcw,9,4.584158415841584,3
FIEho,9,4.584158415841584,3
FGM]_,9,4.59,3
F?Ezo,9,4.597938144329897,3
F?Lto,9,4.597938144329897,3
F@G]w,9,4.597938144329897,3
FGC|o,9,4.597938144329897,3
FODZo,9,4.597938144329897,3
F?C~o,9,4.597938144329897,3
F`GYw,9,4.597938144329897,3
FhGWw,9,4.597938144329897,3
F@Dkw,9,4.597938144329897,3
F@IYw,9,4.597938144329897,3
F?K~_,9,4.597938144329897,3
F?NVO,9,4.606060606060606,3
FCdrO,9,4.606060606060606,3
FAI^O,9,4.606060606060606,3
FJOgw,9,4.625,3
FCS~?,9,4.628865979381444,3
F@YQw,9,4.638297872340425,3
F`G]W,9,4.638297872340425,3
FHEIw,9,4.638297872340425,3
F@hQw,9,4.638297872340425,3
F?W}g,9,4.638297872340425,3
FWC]W,9,4.638297872340425,3
FGQXw,9,4.638297872340425,3
FJ_gw,9,4.638297872340425,3
F?NRo,9,4.638297872340425,3
F?ozg,9,4.638297872340425,3
FAG}o,9,4.638297872340425,3
F?O~g,9,4.638297872340425,3
F?SvW,9,4.638297872340425,3
F@`Ng,9,4.638297872340425,3
FAIZo,9,4.638297872340425,3
F@P\W,9,4.638297872340425,3
FG`Xw,9,4.638297872340425,3
FGE^O,9,4.638297872340425,3
F?ovg,9,4.638297872340425,3
FACnW,9,4.638297872340425,3
FWEYo,9,4.645161290322581,3
FGCzo,9,4.648351648351649,3
F@HYw,9,4.648351648351649,3
F@Diw,9,4.648351648351649,3
FCUrO,9,4.663043478260869,3
Fo@Xw,9,4.663043478260869,3
F@hUW,9,4.663043478260869,3
FB_mW,9,4.663043478260869,3
F`GXw,9,4.674418604651163,3
F?Lpw,9,4.674418604651163,3
F@GZw,9,4.674418604651163,3
FGC}o,9,4.681318681318682,3
FGSsw,9,4.681318681318682,3
FYCXW,9,4.681318681318682,3
F@C}W,9,4.7011494252873565,3
F_Oxw,9,4.7011494252873565,3
F@ouW,9,4.7011494252873565,3
F@NAw,9,4.7011494252873565,3
FAEhw,9,4.7011494252873565,3
F?Miw,9,4.7011494252873565,3
F?K}W,9,4.7011494252873565,3
FCOxw,9,4.7011494252873565,3
F?O|w,9,4.7011494252873565,3
F?H\w,9,4.7011494252873565,3
F_?zw,9,4.7011494252873565,3
F?Fbw,9,4.7011494252873565,3
F?C~W,9,4.7011494252873565,3
FAClw,9,4.7011494252873565,3
F?dbw,9,4.7011494252873565,3
F`?Nw,9,4.7011494252873565,3
F_GZw,9,4.7011494252873565,3
F@`Jw,9,4.7011494252873565,3
FGC^W,9,4.7011494252873565,3
F@O{w,9,4.7011494252873565,3
FOPXw,9,4.7011494252873565,3
FGEZo,9,4.7011494252873565,3
F@RHw,9,4.7011494252873565,3
F`BHw,9,4.7011494252873565,3
F?Dfw,9,4.7011494252873565,3
F??~w,9,4.7011494252873565,3
FPDIw,9,4.7011494252873565,3
F@hPw,9,4.7011494252873565,3
F?G^w,9,4.7011494252873565,3
FGeZ_,9,4.7011494252873565,3
F?Azw,9,4.7011494252873565,3
FIGXw,9,4.712643678160919,3
F?@zw,9,4.7439024390243905,3
F?XXw,9,4.7439024390243905,3
F?Srw,9,4.7439024390243905,3
F?Ozw,9,4.7439024390243905,3
FAHXw,9,4.7439024390243905,3
FGDXw,9,4.82051282051282,4
F?C}w,9,4.8311688311688314,4
FGC\w,9,4.8311688311688314,4
FOCyw,9,4.8311688311688314,4
F?C^w,9,4.8311688311688314,4
F@N@w,9,4.8311688311688314,4
FWCYw,9,4.8311688311688314,4
F?dXw,9,4.8311688311688314,4
F?Sxw,9,4.863013698630137,4
F?Czw,9,4.863013698630137,4
FGCxw,9,4.863013698630137,4
FGCZw,9,4.863013698630137,4
F_Cxw,9,4.863013698630137,4
FwCWw,9,4.863013698630137,4
F?Kxw,9,4.968253968253968,4
F?B~o,10,4.403846153846154,2
F?\v_,10,4.45,2
F@J]o,10,4.454545454545454,2
F?lv_,10,4.474226804123711,2
FqOxo,10,4.56043956043956,3
F?`~o,10,4.561797752808989,3
FANLg,10,4.586206896551724,3
FQO|o,10,4.586206896551724,3
F?dzo,10,4.595238095238095,3
FODzo,10,4.595238095238095,3
F?D~o,10,4.595238095238095,3
FAYto,10,4.6117647058823525,3
F@Fmo,10,4.630952380952381,3
FIOxw,10,4.6375,3
FoSz_,10,4.63855421686747,3
FGL\g,10,4.6419753086419755,3
FCXro,10,4.6419753086419755,3
FHH[w,10,4.6419753086419755,3
F?Lvo,10,4.6419753086419755,3
F@H}o,10,4.6419753086419755,3
F`IYw,10,4.65,3
F`Dkw,10,4.65,3
FgC|o,10,4.65,3
F@h^_,10,4.658536585365853,3
FGDzo,10,4.666666666666667,3
F?\pw,10,4.666666666666667,3
F?NVo,10,4.670886075949367,3
F?luW,10,4.670886075949367,3
F?o~g,10,4.670886075949367,3
FCXsw,10,4.670886075949367,3
FAJ\o,10,4.670886075949367,3
FAI^o,10,4.670886075949367,3
FDZ@w,10,4.67948717948718,3
FSXPw,10,4.67948717948718,3
F_Lto,10,4.67948717948718,3
FGS~_,10,4.6923076923076925,3
FBJKw,10,4.701298701298701,3
FANcw,10,4.701298701298701,3
FAMn_,10,4.701298701298701,3
FCXto,10,4.701298701298701,3
FBFLW,10,4.701298701298701,3
F_Ezo,10,4.701298701298701,3
FqSpW,10,4.7105263157894735,3
FGC~o,10,4.716216216216216,3
FGE^o,10,4.716216216216216,3
FGD|o,10,4.716216216216216,3
FAK}W,10,4.716216216216216,3
FDHZW,10,4.716216216216216,3
F`G]w,10,4.716216216216216,3
FAczW,10,4.716216216216216,3
F@Dmw,10,4.716216216216216,3
F?S~g,10,4.716216216216216,3
FPHYw,10,4.716216216216216,3
F?szg,10,4.716216216216216,3
F@NJg,10,4.716216216216216,3
F_K~_,10,4.716216216216216,3
FI_xw,10,4.716216216216216,3
FKHXw,10,4.716216216216216,3
FHDkw,10,4.716216216216216,3
F@H]w,10,4.716216216216216,3
F@pro,10,4.716216216216216,3
F@Vdo,10,4.733333333333333,3
F`GZw,10,4.742857142857143,3
F@Miw,10,4.742857142857143,3
F@G^w,10,4.742857142857143,3
F?Mzo,10,4.742857142857143,3
F?Ltw,10,4.742857142857143,3
F?K~g,10,4.742857142857143,3
F_Lpw,10,4.742857142857143,3
FIHXw,10,4.746478873239437,3
FPO]w,10,4.75,3
F@YUw,10,4.75,3
F?dvW,10,4.75,3
FDPkw,10,4.75,3
F_hXw,10,4.75,3
F@NUW,10,4.75,3
FAhto,10,4.75,3
FANTW,10,4.75,3
F`QXw,10,4.75,3
FCDnW,10,4.75,3
FCO~W,10,4.75,3
F_Azw,10,4.75,3
F@NN_,10,4.756756756756757,3
F`hPw,10,4.76056338028169,3
FANbo,10,4.774647887323944,3
FIG\w,10,4.774647887323944,3
FHFHw,10,4.774647887323944,3
FIIXw,10,4.774647887323944,3
FII[w,10,4.785714285714286,3
FwDXo,10,4.785714285714286,3
F@pto,10,4.785714285714286,3
FHFKw,10,4.785714285714286,3
F?Lrw,10,4.787878787878788,3
F@XXw,10,4.787878787878788,3
FPDJw,10,4.8059701492537314,3
FTPHw,10,4.8059701492537314,3
F?@~w,10,4.8059701492537314,3
FCOzw,10,4.8059701492537314,3
F?Svw,10,4.8059701492537314,3
F?O~w,10,4.8059701492537314,3
F?P|w,10,4.8059701492537314,3
FGE^W,10,4.8059701492537314,3
F?Ffw,10,4.8059701492537314,3
F@O}w,10,4.8059701492537314,3
F?`zw,10,4.8059701492537314,3
F_G^w,10,4.8059701492537314,3
F?dfw,10,4.8059701492537314,3
FAIZw,10,4.8059701492537314,3
F_oxw,10,4.8059701492537314,3
F`FHw,10,4.8059701492537314,3
F?S~W,10,4.8059701492537314,3
FAS|W,10,4.8059701492537314,3
FCSzW,10,4.8059701492537314,3
FCDjw,10,4.8059701492537314,3
FKDhw,10,4.8059701492537314,3
F@NEw,10,4.8059701492537314,3
F?djw,10,4.8059701492537314,3
F@FJw,10,4.8059701492537314,3
FWC]w,10,4.875,4
FWDXw,10,4.875,4
FGdXw,10,4.875,4
FGC}w,10,4.875,4
FGSxw,10,4.887096774193548,4
FIGZw,10,4.887096774193548,4
FoDXw,10,4.888888888888889,4
FAK|W,10,4.916666666666667,4
F?K}w,10,4.916666666666667,4
F_Kyw,10,4.916666666666667,4
FgCxw,10,4.916666666666667,4
FWCZw,10,4.916666666666667,4
F?S|w,10,4.916666666666667,4
F@K}W,10,4.916666666666667,4
FGC|w,10,4.916666666666667,4
FGC^w,10,4.916666666666667,4
F?Ezw,10,4.916666666666667,4
F?C~w,10,4.916666666666667,4
F_Czw,10,4.916666666666667,4
FGEZw,10,4.916666666666667,4
F@MYw,10,4.916666666666667,4
F`N@w,10,4.916666666666667,4
FASxw,10,4.947368421052632,4
F?Szw,10,4.947368421052632,4
FGCzw,10,4.947368421052632,4
F?Dzw,10,4.947368421052632,4
F@Kyw,10,5.019230769230769,4
F?Kzw,10,5.019230769230769,4
F_Kxw,10,5.019230769230769,4
F@Kxw,10,5.351351351351352,5
FIQ|o,11,4.470588235294118,2
F?F~o,11,4.581081081081081,3
FINLg,11,4.6,3
F_lv_,11,4.638888888888889,3
FC\tW,11,4.642857142857143,3
FoDzo,11,4.642857142857143,3
F?Nvo,11,4.666666666666667,3
F`YZg,11,4.676470588235294,3
F?l~_,11,4.701492537313433,3
F?|rg,11,4.707692307692308,3
F?\vg,11,4.707692307692308,3
FIoxw,11,4.707692307692308,3
F_]rg,11,4.712121212121212,3
FCdzo,11,4.71875,3
F@`~o,11,4.71875,3
F?N^o,11,4.71875,3
FQK}W,11,4.73015873015873,3
FQMZW,11,4.73015873015873,3
FBW{w,11,4.737704918032787,3
FGD~o,11,4.737704918032787,3
F@pzo,11,4.737704918032787,3
F_\pw,11,4.737704918032787,3
F?\tw,11,4.737704918032787,3
F?L~o,11,4.737704918032787,3
FIJ\o,11,4.7384615384615385,3
F`dn_,11,4.75,3
F@U~O,11,4.758064516129032,3
FDTlW,11,4.758064516129032,3
F@h^g,11,4.758064516129032,3
F?lvg,11,4.758064516129032,3
F_Nro,11,4.758064516129032,3
FCXvo,11,4.758064516129032,3
FpDiw,11,4.770491803278689,3
FaMjg,11,4.770491803278689,3
F`Miw,11,4.793103448275862,3
F_Ltw,11,4.793103448275862,3
F?\rw,11,4.8,3
FgEzo,11,4.8,3
FJQkw,11,4.8,3
FINTW,11,4.8,3
FALzo,11,4.8,3
FCL~O,11,4.8,3
FANfo,11,4.8,3
FAW~g,11,4.810344827586207,3
FHpXw,11,4.810344827586207,3
FAwzg,11,4.810344827586207,3
FpHYw,11,4.813559322033898,3
FoS~_,11,4.813559322033898,3
FC]rW,11,4.824561403508772,3
FCUzo,11,4.824561403508772,3
FDdjW,11,4.824561403508772,3
F@luW,11,4.824561403508772,3
F?luw,11,4.824561403508772,3
F@Fmw,11,4.824561403508772,3
F@pvo,11,4.824561403508772,3
FH`\w,11,4.824561403508772,3
FAMng,11,4.824561403508772,3
FI_|w,11,4.824561403508772,3
FAg~g,11,4.824561403508772,3
F@J]w,11,4.824561403508772,3
F@NNg,11,4.824561403508772,3
F`NJg,11,4.824561403508772,3
FCS~W,11,4.824561403508772,3
F@Y]w,11,4.824561403508772,3
F@Nmo,11,4.830508474576271,3
FoSrw,11,4.839285714285714,3
F_Mzo,11,4.839285714285714,3
FiIXw,11,4.844827586206897,3
FDLiw,11,4.851851851851852,3
F`XXw,11,4.851851851851852,3
F@djw,11,4.851851851851852,3
F@S~W,11,4.851851851851852,3
F`G^w,11,4.851851851851852,3
F@X\w,11,4.851851851851852,3
F_Lrw,11,4.851851851851852,3
F@H}w,11,4.851851851851852,3
F?lrw,11,4.851851851851852,3
F_K~g,11,4.851851851851852,3
F?Lvw,11,4.851851851851852,3
FhFHw,11,4.872727272727273,3
FIMkw,11,4.872727272727273,3
FDLmW,11,4.872727272727273,3
FII\w,11,4.872727272727273,3
FHFLw,11,4.872727272727273,3
FqHXw,11,4.888888888888889,3
FAI^w,11,4.903846153846154,3
FAJ\w,11,4.903846153846154,3
F?`~w,11,4.903846153846154,3
F?qzw,11,4.903846153846154,3
F?dnw,11,4.903846153846154,3
FGdtw,11,4.903846153846154,3
F@NMw,11,4.903846153846154,3
F@FNw,11,4.903846153846154,3
FCLmw,11,4.903846153846154,3
F@hVw,11,4.903846153846154,3
F?B~w,11,4.903846153846154,3
FQMiw,11,4.903846153846154,3
F@o~g,11,4.907407407407407,4
FISxw,11,4.921568627450981,4
FEMjW,11,4.9245283018867925,4
F`o~_,11,4.9245283018867925,4
FANbw,11,4.9411764705882355,4
FIG^w,11,4.9411764705882355,4
FAK~W,11,4.9411764705882355,4
FGS|w,11,4.9411764705882355,4
F@L}o,11,4.9411764705882355,4
FgSxw,11,4.9411764705882355,4
FHMYw,11,4.9411764705882355,4
F_Ezw,11,4.96,4
FgC|w,11,4.96,4
FWD\w,11,4.96,4
FOL]w,11,4.96,4
FKdXw,11,4.96,4
FwDXw,11,4.96,4
FaK|W,11,4.979591836734694,4
FPLYw,11,5,4
FCSzw,11,5,4
FGSzw,11,5,4
F`K}W,11,5,4
F@L]w,11,5,4
FwCZw,11,5,4
FIKxw,11,5,4
FGE^w,11,5,4
FODzw,11,5,4
F?D~w,11,5,4
FGD|w,11,5,4
FGC~w,11,5,4
F?S~w,11,5,4
FgCzw,11,5,4
F?dzw,11,5,4
F?Uzw,11,5,4
FGczw,11,5,4
F_K}w,11,5,4
FOSzw,11,5,4
F@ozw,11,5,4
F@NFw,11,5,4
F?Mzw,11,5.069767441860465,4
F?K~w,11,5.069767441860465,4
F_Kzw,11,5.069767441860465,4
F@K}w,11,5.069767441860465,4
F`Kyw,11,5.069767441860465,4
FAK|w,11,5.069767441860465,4
F@Mzo,11,5.069767441860465,4
FGDzw,11,5.097560975609756,4
F?Lzw,11,5.097560975609756,4
FAKzw,11,5.097560975609756,4
F`Kxw,11,5.387096774193548,5
F@Kzw,11,5.387096774193548,5
F?~v_,12,4.466666666666667,2
Fo\sw,12,4.666666666666667,3
FMoxw,12,4.714285714285714,3
FGF~o,12,4.722222222222222,3
F?N~o,12,4.722222222222222,3
FDhzo,12,4.735849056603773,3
F?^vo,12,4.745454545454545,3
Fqdhw,12,4.773584905660377,3
FC\vW,12,4.784313725490196,3
Fc\pw,12,4.784313725490196,3
FEhzo,12,4.784313725490196,3
F_}rg,12,4.8076923076923075,3
FJXXw,12,4.818181818181818,3
FC|rg,12,4.82,3
FBdnW,12,4.82,3
FIQ|w,12,4.82,3
F@rvo,12,4.82,3
FANno,12,4.82,3
FQluW,12,4.836734693877551,3
FMhXw,12,4.836734693877551,3
FQo~g,12,4.836734693877551,3
FKdzo,12,4.851063829787234,3
FBY\w,12,4.851063829787234,3
FAM~o,12,4.851063829787234,3
F@p~o,12,4.851063829787234,3
F?l~g,12,4.851063829787234,3
F_L~o,12,4.851063829787234,3
Fqoxw,12,4.854166666666667,3
FAL~o,12,4.866666666666666,3
FBW}w,12,4.866666666666666,3
FC\rw,12,4.866666666666666,3
FJW{w,12,4.866666666666666,3
F?\vw,12,4.866666666666666,3
F?\~g,12,4.866666666666666,3
FKS~W,12,4.869565217391305,3
F`djw,12,4.869565217391305,3
FDxZg,12,4.875,3
Folqw,12,4.8936170212765955,3
FCxvg,12,4.8936170212765955,3
FBNNW,12,4.911111111111111,3
FElrW,12,4.911111111111111,3
FAlvW,12,4.911111111111111,3
FIM^W,12,4.911111111111111,3
FIJ\w,12,4.911111111111111,3
FKszg,12,4.911111111111111,3
FdSzW,12,4.931818181818182,3
F_lrw,12,4.931818181818182,3
FBqng,12,4.931818181818182,3
F@luw,12,4.9523809523809526,3
F@Nmw,12,4.9523809523809526,3
FA]tw,12,4.9523809523809526,3
FDlrW,12,4.9523809523809526,3
F@h^w,12,4.9523809523809526,3
FQL^W,12,4.9523809523809526,3
F@h}w,12,4.9523809523809526,3
F_Lvw,12,4.9523809523809526,3
F_Nrw,12,4.9523809523809526,3
F?Nvw,12,4.9523809523809526,3
F?lvw,12,4.9523809523809526,3
F@N^o,12,4.954545454545454,4
FsXXw,12,4.955555555555556,4
FoSvw,12,4.975609756097561,3
FHL]w,12,4.976190476190476,4
FYSxw,12,4.976190476190476,4
F@l~_,12,4.976744186046512,4
FELnW,12,4.976744186046512,4
FGurw,12,4.976744186046512,4
F`luW,12,4.976744186046512,4
FqhXw,12,5,4
FwdXw,12,5,4
FkSxw,12,5,4
FHM]w,12,5.025,4
FEW|w,12,5.025,4
FIc|w,12,5.025,4
FIiZw,12,5.025,4
FoDzw,12,5.025,4
FgEzw,12,5.025,4
F`o~g,12,5.025,4
FaK~W,12,5.025,4
FOL}w,12,5.025,4
FANfw,12,5.025,4
FChzw,12,5.025,4
FeKzW,12,5.025,4
Fgczw,12,5.051282051282051,4
FoSzw,12,5.051282051282051,4
FIK|w,12,5.052631578947368,4
FiKxw,12,5.052631578947368,4
FELjw,12,5.052631578947368,4
F@L~o,12,5.052631578947368,4
FKSzw,12,5.052631578947368,4
FGS~w,12,5.052631578947368,4
FAYzw,12,5.052631578947368,4
FqSxw,12,5.078947368421052,4
F`ozw,12,5.081081081081081,4
FCS~w,12,5.081081081081081,4
FAN\w,12,5.081081081081081,4
FQS|w,12,5.081081081081081,4
F?F~w,12,5.081081081081081,4
F@`~w,12,5.081081081081081,4
F@N]w,12,5.081081081081081,4
FAh|w,12,5.081081081081081,4
F?d~w,12,5.081081081081081,4
F@qzw,12,5.081081081081081,4
FgC~w,12,5.081081081081081,4
F@o~w,12,5.081081081081081,4
FGc~w,12,5.081081081081081,4
F?uzw,12,5.081081081081081,4
FIKzw,12,5.085714285714285,4
FaK|w,12,5.111111111111111,4
F_Mzw,12,5.111111111111111,4
F`Mzo,12,5.142857142857143,4
F@Uzw,12,5.147058823529412,4
F`K}w,12,5.147058823529412,4
FwC^w,12,5.147058823529412,4
FAK~w,12,5.147058823529412,4
F@dzw,12,5.147058823529412,4
F`LZw,12,5.147058823529412,4
FPLZw,12,5.147058823529412,4
F@L}w,12,5.147058823529412,4
FGD~w,12,5.147058823529412,4
F_K~w,12,5.147058823529412,4
F@pzw,12,5.147058823529412,4
F?\|w,12,5.147058823529412,4
FCXzw,12,5.147058823529412,4
F?L~w,12,5.147058823529412,4
F?\zw,12,5.233333333333333,4
FALzw,12,5.233333333333333,4
F`Kzw,12,5.423076923076923,5
F@K~w,12,5.423076923076923,5
F@Mzw,12,5.423076923076923,5
F@Lzw,12,5.44,5
F@~v_,13,4.7,3
Fdhzo,13,4.777777777777778,3
F?~vg,13,4.8,3
F@r~o,13,4.85,3
F?~rw,13,4.85,3
FAN~o,13,4.85,3
FS\~_,13,4.853658536585366,3
FRY]w,13,4.853658536585366,3
FS\rw,13,4.871794871794871,3
FIM~o,13,4.871794871794871,3
FIL~o,13,4.888888888888889,3
F@vvo,13,4.9,3
FD^vO,13,4.923076923076923,3
FqLzo,13,4.945945945945946,3
FCx~g,13,4.945945945945946,3
FDZ^o,13,4.945945945945946,3
FPV^o,13,4.945945945945946,3
F@^uw,13,4.9714285714285715,3
FRX\w,13,4.9714285714285715,3
FC\vw,13,4.9714285714285715,3
FBZ\w,13,4.9714285714285715,3
FC^rw,13,4.9714285714285715,3
FPT~o,13,4.9714285714285715,3
F?^vw,13,4.9714285714285715,3
FP^Uw,13,4.972222222222222,3
FQqzw,13,5,3
F`dnw,13,5,3
F@^vo,13,5,4
FSpzw,13,5.0285714285714285,4
FFhmw,13,5.0285714285714285,4
FQl~_,13,5.0285714285714285,4
F@N~o,13,5.029411764705882,4
FXd]w,13,5.0588235294117645,4
F`l~_,13,5.0588235294117645,4
FdlrW,13,5.0588235294117645,4
FENjw,13,5.0606060606060606,4
FHN]w,13,5.0606060606060606,4
FXT\w,13,5.0606060606060606,4
FIN\w,13,5.0606060606060606,4
FySxw,13,5.0606060606060606,4
F`N^o,13,5.0606060606060606,4
FdW}w,13,5.09375,4
FRh]w,13,5.09375,4
F_lvw,13,5.09375,4
FPp}w,13,5.09375,4
FiK|w,13,5.09375,4
F[Szw,13,5.09375,4
FpL]w,13,5.129032258064516,4
F`qzw,13,5.133333333333334,4
F`L~o,13,5.133333333333334,4
FTXZw,13,5.133333333333334,4
FAY~w,13,5.133333333333334,4
F@rvw,13,5.133333333333334,4
FELnw,13,5.133333333333334,4
FEYzw,13,5.133333333333334,4
FKS~w,13,5.133333333333334,4
FGuzw,13,5.133333333333334,4
FDhzw,13,5.133333333333334,4
F@l~g,13,5.133333333333334,4
FKUzw,13,5.133333333333334,4
FiKzw,13,5.137931034482759,4
FIK~w,13,5.137931034482759,4
FIL|w,13,5.137931034482759,4
FHL}w,13,5.137931034482759,4
FoS~w,13,5.172413793103448,4
FEhzw,13,5.172413793103448,4
FcLzw,13,5.172413793103448,4
F_lzw,13,5.172413793103448,4
F`Uzw,13,5.172413793103448,4
FpLZw,13,5.214285714285714,4
F@d~w,13,5.222222222222222,4
FKdzw,13,5.222222222222222,4
F`L^w,13,5.222222222222222,4
F`o~w,13,5.222222222222222,4
F`NZw,13,5.222222222222222,4
F@N^w,13,5.222222222222222,4
FDYzw,13,5.222222222222222,4
FC\|w,13,5.222222222222222,4
F@l}w,13,5.222222222222222,4
F@lvw,13,5.222222222222222,4
FGF~w,13,5.222222222222222,4
F@p~w,13,5.222222222222222,4
F?N~w,13,5.222222222222222,4
F?l~w,13,5.222222222222222,4
F_L~w,13,5.222222222222222,4
FILzw,13,5.25,4
FAlzw,13,5.28,4
FHdzw,13,5.28,4
FC\zw,13,5.28,4
FAL~w,13,5.28,4
F?\~w,13,5.28,4
F`Mzw,13,5.454545454545454,5
F`K~w,13,5.476190476190476,5
F`Lzw,13,5.476190476190476,5
F@L~w,13,5.476190476190476,5
F@\|w,13,5.476190476190476,5
F@\zw,13,5.526315789473684,5
F}oxw,14,4.857142857142857,3
Fs\rw,14,4.857142857142857,3
FIN~o,14,4.875,3
F?~vw,14,4.966666666666667,3
FC~rw,14,4.966666666666667,3
FDZ~o,14,4.966666666666667,3
FBzvo,14,4.967741935483871,3
FJZ\w,14,5,3
FS\vw,14,5,3
FIm~g,14,5,3
FD^vW,14,5,3
F@~vg,14,5.033333333333333,4
F}hXw,14,5.068965517241379,4
FDx~g,14,5.111111111111111,4
FqL~o,14,5.111111111111111,4
F`^vo,14,5.111111111111111,4
F`N~o,14,5.115384615384615,4
F@~rw,14,5.115384615384615,4
Fdhzw,14,5.153846153846154,4
F{Szw,14,5.153846153846154,4
F@vvw,14,5.16,4
FiMzw,14,5.16,4
FEl~W,14,5.16,4
FKl~g,14,5.16,4
F`l~g,14,5.208333333333333,4
Fclzw,14,5.208333333333333,4
FRqzw,14,5.208333333333333,4
FTpzw,14,5.208333333333333,4
FD^fw,14,5.208333333333333,4
FHt|w,14,5.217391304347826,4
FIM~w,14,5.217391304347826,4
FiK~w,14,5.217391304347826,4
FI]|w,14,5.217391304347826,4
FHN^w,14,5.217391304347826,4
FhNZw,14,5.217391304347826,4
FdYzw,14,5.260869565217392,4
FTX^w,14,5.2727272727272725,4
FKuzw,14,5.2727272727272725,4
FS\zw,14,5.2727272727272725,4
FDxzw,14,5.2727272727272725,4
FDZ^w,14,5.2727272727272725,4
F`U~w,14,5.2727272727272725,4
F_l~w,14,5.2727272727272725,4
FIL~w,14,5.3,4
FBxzw,14,5.3,4
F`lvw,14,5.333333333333333,4
FqLzw,14,5.333333333333333,4
FK\|w,14,5.35,4
FElzw,14,5.35,4
F`N^w,14,5.35,4
FAN~w,14,5.35,4
F@r~w,14,5.35,4
F?^~w,14,5.35,4
FAl~w,14,5.35,4
FPT~w,14,5.35,4
FC\~w,14,5.35,4
F`\|w,14,5.5,5
F`L~w,14,5.529411764705882,5
F@N~w,14,5.529411764705882,5
FDlzw,14,5.529411764705882,5
F@l~w,14,5.529411764705882,5
F@\~w,14,5.5625,5
FD\zw,14,5.5625,5
F`\zw,14,5.5625,5
FB\zw,14,5.6923076923076925,5
Fs\vw,15,5,3
F]qzw,15,5,3
FI~tw,15,5,3
FqN~o,15,5.136363636363637,4
F{dzw,15,5.190476190476191,4
Fimzw,15,5.190476190476191,4
Frqzw,15,5.190476190476191,4
FJz\w,15,5.2,4
F@~vw,15,5.2,4
FD^~o,15,5.2,4
F`~rw,15,5.2,4
Fs\zw,15,5.25,4
Fhuzw,15,5.2631578947368425,4
FiM~w,15,5.2631578947368425,4
FFxzw,15,5.277777777777778,4
F{S~w,15,5.333333333333333,4
Fqlzw,15,5.333333333333333,4
FT\}w,15,5.352941176470588,4
FIm~w,15,5.352941176470588,4
FHu~w,15,5.352941176470588,4
FhN^w,15,5.352941176470588,4
FMlzw,15,5.375,4
FBx~w,15,5.375,4
FIN~w,15,5.375,4
FqL~w,15,5.4375,4
FQl~w,15,5.466666666666667,4
FEl~w,15,5.466666666666667,4
FDZ~w,15,5.466666666666667,4
F@v~w,15,5.466666666666667,4
F?~~w,15,5.466666666666667,4
Fdlzw,15,5.533333333333333,5
Fd\zw,15,5.571428571428571,5
F`l~w,15,5.571428571428571,5
F`\~w,15,5.615384615384615,5
F`N~w,15,5.615384615384615,5
FJ]|w,15,5.615384615384615,5
FD\~w,15,5.615384615384615,5
F@^~w,15,5.615384615384615,5
FB\~w,15,5.7272727272727275,5
FJ\|w,15,5.7272727272727275,5
FJ\zw,15,6.142857142857143,6
FF~vW,16,5,3
FMn~o,16,5.25,4
F\^]w,16,5.333333333333333,4
Fs\~w,16,5.333333333333333,4
FFx~w,16,5.357142857142857,4
F`~vw,16,5.357142857142857,4
F]\|w,16,5.357142857142857,4
Fql~w,16,5.461538461538462,4
FMl~w,16,5.5,4
FBz~w,16,5.5,4
Fj]|w,16,5.583333333333333,5
Fd\~w,16,5.636363636363637,5
FqN~w,16,5.636363636363637,5
Fr\zw,16,5.7,5
FT\~w,16,5.7,5
FD^~w,16,5.7,5
F`^~w,16,5.7,5
F@~~w,16,5.7,5
FB^~w,16,5.777777777777778,5
FR\~w,16,5.777777777777778,5
FJ\~w,16,6.166666666666667,6
F}lzw,17,5.333333333333333,4
FR~vw,17,5.5,4
FFz~w,17,5.5,4
Ft\~w,17,5.666666666666667,5
Fr\~w,17,5.75,5
Fd^~w,17,5.75,5
FJn~w,17,5.857142857142857,5
F`~~w,17,5.857142857142857,5
FB~~w,17,5.857142857142857,5
FJ^~w,17,6.2,6
F}l~w,18,5.5,4
Fr^~w,18,5.833333333333333,5
FR~~w,18,6,5
FF~~w,18,6,5
FJ~~w,18,6.25,6
Fr~~w,19,6,5
FN~~w,19,6.333333333333333,6
F^~~w,20,6.5,6
F~~~w,21,7,7
